{"stats":{"minecraft:killed":{"minecraft:sheep":8,"minecraft:pig":6,"minecraft:chicken":4},"minecraft:picked_up":{"minecraft:coarse_dirt":2,"minecraft:crafting_table":1,"minecraft:feather":2,"minecraft:chicken":4,"minecraft:acacia_log":6,"minecraft:porkchop":12,"minecraft:oak_log":5,"minecraft:diorite":1,"minecraft:dirt":6,"minecraft:black_wool":2,"minecraft:mutton":10,"minecraft:coal":4,"minecraft:white_wool":6,"minecraft:cobblestone":56,"minecraft:egg":1},"minecraft:custom":{"minecraft:time_since_rest":35694,"minecraft:interact_with_furnace":3,"minecraft:sprint_one_cm":13806,"minecraft:damage_taken":90,"minecraft:walk_one_cm":24744,"minecraft:mob_kills":18,"minecraft:damage_dealt":1385,"minecraft:interact_with_crafting_table":6,"minecraft:fly_one_cm":8182,"minecraft:crouch_one_cm":566,"minecraft:play_time":62594,"minecraft:sneak_time":159,"minecraft:jump":205,"minecraft:leave_game":1,"minecraft:time_since_death":62594,"minecraft:sleep_in_bed":2,"minecraft:total_world_time":62594,"minecraft:fall_one_cm":2609},"minecraft:crafted":{"minecraft:cooked_porkchop":12,"minecraft:crafting_table":1,"minecraft:stick":10,"minecraft:wooden_pickaxe":1,"minecraft:stone_pickaxe":1,"minecraft:furnace":1,"minecraft:white_bed":1,"minecraft:acacia_planks":20,"minecraft:torch":4,"minecraft:stone_axe":1},"minecraft:mined":{"minecraft:coarse_dirt":2,"minecraft:crafting_table":1,"minecraft:grass":3,"minecraft:acacia_log":7,"minecraft:grass_block":1,"minecraft:oak_log":5,"minecraft:coal_ore":4,"minecraft:dirt":5,"minecraft:cobblestone":1,"minecraft:stone":56,"minecraft:diorite":1,"minecraft:oak_leaves":4},"minecraft:used":{"minecraft:stone_pickaxe":54,"minecraft:wooden_pickaxe":11,"minecraft:stone_axe":34,"minecraft:dirt":1,"minecraft:cobblestone":24,"minecraft:crafting_table":2,"minecraft:furnace":1,"minecraft:white_bed":1,"minecraft:coarse_dirt":2,"minecraft:acacia_planks":1}},"DataVersion":3465}