{"stats":{"minecraft:mined":{"create:zinc_ore":5,"minecraft:blackstone":4,"minecraft:mossy_cobblestone":3,"minecraft:crafting_table":1,"minecraft:acacia_log":7,"minecraft:grass_block":2,"minecraft:mushroom_stem":1,"minecraft:cobblestone":7,"minecraft:moss_block":1,"minecraft:oak_planks":2,"quark:black_corundum":12,"minecraft:diorite":1,"minecraft:rooted_dirt":1,"minecraft:wall_torch":6,"supplementaries:urn":4,"minecraft:magma_block":1,"minecraft:lime_bed":2,"minecraft:coarse_dirt":4,"minecraft:cobblestone_wall":1,"minecraft:iron_ore":26,"quark:black_corundum_cluster":8,"minecraft:grass":3,"minecraft:oak_log":5,"minecraft:coal_ore":13,"minecraft:dirt":10,"minecraft:smooth_basalt":1,"minecraft:stone":273,"create:veridium":11,"minecraft:oak_leaves":4},"minecraft:picked_up":{"minecraft:charcoal":2,"minecraft:magma_block":9,"minecraft:coarse_dirt":2,"minecraft:lime_bed":2,"minecraft:crafting_table":1,"minecraft:feather":2,"minecraft:chicken":4,"minecraft:golden_pickaxe":1,"minecraft:brown_mushroom":1,"quark:black_corundum_cluster":25,"create:raw_zinc":5,"minecraft:oak_log":5,"minecraft:chainmail_chestplate":1,"minecraft:cobblestone_wall":1,"minecraft:yellow_bed":1,"minecraft:shield":2,"minecraft:dirt":12,"minecraft:raw_copper":19,"minecraft:white_banner":1,"minecraft:bone":2,"minecraft:blackstone":26,"minecraft:bow":1,"minecraft:candle":4,"minecraft:raw_gold":20,"minecraft:stone_pickaxe":1,"minecraft:fletching_table":1,"minecraft:iron_pickaxe":1,"minecraft:moss_block":1,"minecraft:oak_planks":4,"minecraft:iron_sword":1,"minecraft:iron_boots":1,"quark:black_corundum":11,"minecraft:egg":1,"minecraft:smooth_basalt":1,"minecraft:raw_iron":26,"minecraft:raw_iron_block":8,"minecraft:torch":46,"minecraft:acacia_log":6,"minecraft:porkchop":12,"minecraft:diorite":1,"minecraft:trapped_chest":1,"minecraft:barrel":1,"minecraft:mossy_cobblestone":3,"minecraft:arrow":1,"minecraft:rotten_flesh":11,"create:veridium":11,"minecraft:rooted_dirt":1,"supplementaries:ash":4,"minecraft:black_wool":2,"minecraft:mutton":10,"minecraft:coal":13,"minecraft:white_wool":6,"minecraft:cobblestone":268},"minecraft:crafted":{"minecraft:cooked_porkchop":12,"minecraft:crafting_table":2,"minecraft:wooden_pickaxe":1,"minecraft:baked_potato":9,"minecraft:cooked_chicken":1,"minecraft:furnace":4,"minecraft:stone_axe":1,"minecraft:air":0,"minecraft:iron_boots":1,"minecraft:iron_chestplate":1,"minecraft:iron_axe":1,"minecraft:stick":10,"minecraft:iron_ingot":26,"minecraft:iron_pickaxe":1,"minecraft:stone_pickaxe":1,"minecraft:iron_leggings":1,"minecraft:white_bed":2,"minecraft:acacia_planks":24,"minecraft:torch":4},"minecraft:killed":{"minecraft:pig":6,"minecraft:sheep":8,"minecraft:skeleton":1,"minecraft:pillager":1,"minecraft:zombie":2,"minecraft:chicken":4},"minecraft:used":{"minecraft:stone_pickaxe":110,"minecraft:baked_potato":5,"minecraft:shield":3,"minecraft:wooden_pickaxe":14,"minecraft:cooked_chicken":1,"minecraft:torch":12,"minecraft:mossy_cobblestone":2,"minecraft:dirt":2,"minecraft:crafting_table":3,"minecraft:lime_bed":2,"minecraft:white_bed":2,"minecraft:iron_axe":18,"minecraft:iron_pickaxe":253,"minecraft:suspicious_stew":1,"minecraft:iron_boots":1,"minecraft:barrel":1,"minecraft:stone_axe":34,"minecraft:cobblestone":34,"minecraft:furnace":4,"minecraft:cooked_porkchop":8,"minecraft:yellow_bed":1,"minecraft:trapped_chest":1,"minecraft:coarse_dirt":2,"minecraft:acacia_planks":1,"minecraft:golden_pickaxe":1},"minecraft:custom":{"minecraft:interact_with_furnace":22,"minecraft:mob_kills":22,"minecraft:interact_with_crafting_table":21,"minecraft:open_barrel":1,"minecraft:leave_game":2,"minecraft:time_since_death":6351,"minecraft:sleep_in_bed":5,"minecraft:time_since_rest":6382,"minecraft:sprint_one_cm":135976,"minecraft:damage_taken":2442,"minecraft:walk_one_cm":91197,"minecraft:damage_blocked_by_shield":180,"minecraft:trigger_trapped_chest":1,"minecraft:drop":90,"minecraft:damage_dealt":2249,"minecraft:swim_one_cm":125142,"minecraft:fly_one_cm":102921,"minecraft:open_chest":1,"minecraft:crouch_one_cm":1084,"minecraft:play_time":142178,"minecraft:deaths":5,"minecraft:sneak_time":2300,"minecraft:walk_under_water_one_cm":21077,"minecraft:jump":1034,"minecraft:walk_on_water_one_cm":37425,"minecraft:total_world_time":142178,"minecraft:fall_one_cm":26967},"minecraft:broken":{"minecraft:iron_pickaxe":1},"minecraft:dropped":{"minecraft:iron_ingot":1,"minecraft:blackstone":1,"minecraft:brown_mushroom":1,"minecraft:baked_potato":4,"minecraft:cooked_porkchop":4,"minecraft:cobblestone":69,"minecraft:dirt":1,"minecraft:shield":1,"minecraft:diorite":1,"minecraft:torch":39,"minecraft:arrow":1,"minecraft:stone_pickaxe":1,"minecraft:iron_pickaxe":1,"minecraft:egg":1},"minecraft:killed_by":{"mowziesmobs:naga":2,"minecraft:skeleton":2,"minecraft:pillager":1}},"DataVersion":3465}