{"stats":{"minecraft:mined":{"minecraft:lime_bed":1,"minecraft:coarse_dirt":2,"minecraft:iron_ore":7,"minecraft:crafting_table":1,"minecraft:grass":3,"minecraft:acacia_log":7,"minecraft:grass_block":1,"minecraft:oak_log":5,"minecraft:coal_ore":4,"minecraft:dirt":5,"minecraft:cobblestone":3,"minecraft:stone":62,"minecraft:diorite":1,"minecraft:oak_leaves":4,"minecraft:wall_torch":1},"minecraft:picked_up":{"minecraft:lime_bed":1,"minecraft:raw_iron":7,"minecraft:coarse_dirt":2,"minecraft:crafting_table":1,"minecraft:feather":2,"minecraft:chicken":4,"minecraft:torch":1,"minecraft:acacia_log":6,"minecraft:porkchop":12,"minecraft:oak_log":5,"minecraft:diorite":1,"minecraft:dirt":6,"minecraft:black_wool":2,"minecraft:mutton":10,"minecraft:coal":4,"minecraft:white_wool":6,"minecraft:cobblestone":64,"minecraft:egg":1},"minecraft:crafted":{"minecraft:cooked_porkchop":12,"minecraft:crafting_table":1,"minecraft:stick":10,"minecraft:wooden_pickaxe":1,"minecraft:stone_pickaxe":1,"minecraft:furnace":1,"minecraft:white_bed":2,"minecraft:acacia_planks":20,"minecraft:torch":4,"minecraft:stone_axe":1},"minecraft:killed":{"minecraft:sheep":8,"minecraft:pig":6,"minecraft:chicken":4},"minecraft:used":{"minecraft:stone_pickaxe":70,"minecraft:wooden_pickaxe":11,"minecraft:torch":2,"minecraft:stone_axe":34,"minecraft:dirt":1,"minecraft:cobblestone":24,"minecraft:crafting_table":2,"minecraft:cooked_porkchop":3,"minecraft:furnace":1,"minecraft:white_bed":2,"minecraft:coarse_dirt":2,"minecraft:acacia_planks":1},"minecraft:custom":{"minecraft:time_since_rest":12904,"minecraft:damage_taken":250,"minecraft:interact_with_furnace":3,"minecraft:sprint_one_cm":39998,"minecraft:walk_one_cm":31265,"minecraft:mob_kills":18,"minecraft:drop":4,"minecraft:damage_dealt":1385,"minecraft:interact_with_crafting_table":8,"minecraft:fly_one_cm":48924,"minecraft:crouch_one_cm":739,"minecraft:play_time":83909,"minecraft:sneak_time":271,"minecraft:jump":428,"minecraft:leave_game":2,"minecraft:time_since_death":83909,"minecraft:sleep_in_bed":3,"minecraft:total_world_time":83909,"minecraft:fall_one_cm":12265},"minecraft:dropped":{"minecraft:cooked_porkchop":4}},"DataVersion":3465}