{"stats":{"minecraft:mined":{"create:zinc_ore":5,"minecraft:mossy_cobblestone":3,"minecraft:crafting_table":1,"minecraft:acacia_log":7,"minecraft:grass_block":1,"minecraft:cobblestone":7,"quark:black_corundum":12,"minecraft:diorite":1,"minecraft:wall_torch":5,"minecraft:lime_bed":2,"minecraft:coarse_dirt":2,"minecraft:iron_ore":11,"quark:black_corundum_cluster":8,"minecraft:grass":3,"minecraft:oak_log":5,"minecraft:coal_ore":9,"minecraft:dirt":5,"minecraft:stone":261,"minecraft:oak_leaves":4},"minecraft:picked_up":{"minecraft:coarse_dirt":2,"minecraft:lime_bed":2,"minecraft:crafting_table":1,"minecraft:feather":2,"minecraft:chicken":4,"quark:black_corundum_cluster":25,"create:raw_zinc":5,"minecraft:oak_log":5,"minecraft:dirt":6,"minecraft:white_banner":1,"minecraft:stone_pickaxe":1,"minecraft:iron_pickaxe":1,"quark:black_corundum":11,"minecraft:egg":1,"minecraft:raw_iron":11,"minecraft:torch":6,"minecraft:acacia_log":6,"minecraft:porkchop":12,"minecraft:diorite":1,"minecraft:mossy_cobblestone":3,"minecraft:arrow":1,"minecraft:black_wool":2,"minecraft:mutton":10,"minecraft:coal":9,"minecraft:white_wool":6,"minecraft:cobblestone":247},"minecraft:crafted":{"minecraft:cooked_porkchop":12,"minecraft:crafting_table":2,"minecraft:wooden_pickaxe":1,"minecraft:baked_potato":9,"minecraft:cooked_chicken":1,"minecraft:furnace":2,"minecraft:stone_axe":1,"minecraft:iron_axe":1,"minecraft:stick":10,"minecraft:iron_ingot":7,"minecraft:iron_pickaxe":1,"minecraft:stone_pickaxe":1,"minecraft:white_bed":2,"minecraft:acacia_planks":24,"minecraft:torch":4},"minecraft:killed":{"minecraft:pig":6,"minecraft:sheep":8,"minecraft:pillager":1,"minecraft:chicken":4},"minecraft:used":{"minecraft:stone_pickaxe":103,"minecraft:wooden_pickaxe":11,"minecraft:torch":8,"minecraft:mossy_cobblestone":2,"minecraft:dirt":1,"minecraft:crafting_table":3,"minecraft:lime_bed":2,"minecraft:white_bed":2,"minecraft:iron_axe":2,"minecraft:iron_pickaxe":210,"minecraft:suspicious_stew":1,"minecraft:stone_axe":34,"minecraft:cobblestone":24,"minecraft:furnace":2,"minecraft:cooked_porkchop":8,"minecraft:coarse_dirt":2,"minecraft:acacia_planks":1},"minecraft:custom":{"minecraft:interact_with_furnace":15,"minecraft:mob_kills":19,"minecraft:interact_with_crafting_table":16,"minecraft:leave_game":2,"minecraft:time_since_death":533,"minecraft:sleep_in_bed":5,"minecraft:time_since_rest":563,"minecraft:sprint_one_cm":79443,"minecraft:damage_taken":1830,"minecraft:walk_one_cm":63101,"minecraft:drop":6,"minecraft:damage_dealt":1643,"minecraft:swim_one_cm":125142,"minecraft:fly_one_cm":79569,"minecraft:open_chest":1,"minecraft:crouch_one_cm":976,"minecraft:play_time":118178,"minecraft:deaths":4,"minecraft:sneak_time":2221,"minecraft:walk_under_water_one_cm":20777,"minecraft:jump":783,"minecraft:walk_on_water_one_cm":35925,"minecraft:total_world_time":118178,"minecraft:fall_one_cm":20384},"minecraft:dropped":{"minecraft:cooked_porkchop":4,"minecraft:stone_pickaxe":1,"minecraft:iron_pickaxe":1},"minecraft:killed_by":{"mowziesmobs:naga":2,"minecraft:skeleton":1,"minecraft:pillager":1}},"DataVersion":3465}