{"stats":{"minecraft:killed":{"minecraft:sheep":5,"minecraft:pig":6,"minecraft:chicken":1},"minecraft:picked_up":{"minecraft:coarse_dirt":2,"minecraft:crafting_table":1,"minecraft:chicken":1,"minecraft:acacia_log":6,"minecraft:porkchop":12,"minecraft:oak_log":5,"minecraft:diorite":1,"minecraft:dirt":4,"minecraft:black_wool":1,"minecraft:mutton":7,"minecraft:coal":4,"minecraft:white_wool":4,"minecraft:cobblestone":55},"minecraft:custom":{"minecraft:time_since_rest":12713,"minecraft:interact_with_furnace":3,"minecraft:sprint_one_cm":7755,"minecraft:damage_taken":80,"minecraft:walk_one_cm":20827,"minecraft:mob_kills":12,"minecraft:damage_dealt":1025,"minecraft:interact_with_crafting_table":6,"minecraft:fly_one_cm":4415,"minecraft:crouch_one_cm":509,"minecraft:play_time":26594,"minecraft:sneak_time":120,"minecraft:jump":154,"minecraft:leave_game":1,"minecraft:time_since_death":26594,"minecraft:sleep_in_bed":1,"minecraft:total_world_time":26594,"minecraft:fall_one_cm":1798},"minecraft:crafted":{"minecraft:cooked_porkchop":12,"minecraft:crafting_table":1,"minecraft:stick":10,"minecraft:wooden_pickaxe":1,"minecraft:stone_pickaxe":1,"minecraft:furnace":1,"minecraft:white_bed":1,"minecraft:acacia_planks":20,"minecraft:torch":4,"minecraft:stone_axe":1},"minecraft:mined":{"minecraft:coarse_dirt":2,"minecraft:crafting_table":1,"minecraft:grass":2,"minecraft:acacia_log":7,"minecraft:oak_log":5,"minecraft:coal_ore":4,"minecraft:dirt":4,"minecraft:cobblestone":1,"minecraft:stone":56,"minecraft:diorite":1,"minecraft:oak_leaves":4},"minecraft:used":{"minecraft:stone_pickaxe":54,"minecraft:wooden_pickaxe":9,"minecraft:stone_axe":26,"minecraft:dirt":1,"minecraft:cobblestone":22,"minecraft:crafting_table":2,"minecraft:furnace":1,"minecraft:white_bed":1,"minecraft:coarse_dirt":2,"minecraft:acacia_planks":1}},"DataVersion":3465}