{"stats":{"minecraft:mined":{"create:zinc_ore":5,"minecraft:blackstone":1,"minecraft:mossy_cobblestone":3,"minecraft:crafting_table":1,"minecraft:acacia_log":7,"minecraft:grass_block":2,"minecraft:mushroom_stem":1,"minecraft:cobblestone":7,"minecraft:oak_planks":2,"quark:black_corundum":12,"minecraft:diorite":1,"minecraft:wall_torch":6,"supplementaries:urn":4,"minecraft:lime_bed":2,"minecraft:coarse_dirt":4,"minecraft:iron_ore":26,"quark:black_corundum_cluster":8,"minecraft:grass":3,"minecraft:oak_log":5,"minecraft:coal_ore":13,"minecraft:dirt":10,"minecraft:stone":269,"create:veridium":11,"minecraft:oak_leaves":4},"minecraft:picked_up":{"minecraft:coarse_dirt":2,"minecraft:lime_bed":2,"minecraft:crafting_table":1,"minecraft:feather":2,"minecraft:chicken":4,"minecraft:brown_mushroom":1,"quark:black_corundum_cluster":25,"create:raw_zinc":5,"minecraft:oak_log":5,"minecraft:chainmail_chestplate":1,"minecraft:dirt":12,"minecraft:white_banner":1,"minecraft:blackstone":1,"minecraft:stone_pickaxe":1,"minecraft:iron_pickaxe":1,"minecraft:oak_planks":2,"minecraft:iron_sword":1,"quark:black_corundum":11,"minecraft:egg":1,"minecraft:raw_iron":26,"minecraft:torch":7,"minecraft:acacia_log":6,"minecraft:porkchop":12,"minecraft:diorite":1,"minecraft:mossy_cobblestone":3,"minecraft:arrow":1,"minecraft:rotten_flesh":2,"create:veridium":11,"supplementaries:ash":4,"minecraft:black_wool":2,"minecraft:mutton":10,"minecraft:coal":13,"minecraft:white_wool":6,"minecraft:cobblestone":264},"minecraft:crafted":{"minecraft:cooked_porkchop":12,"minecraft:crafting_table":2,"minecraft:wooden_pickaxe":1,"minecraft:baked_potato":9,"minecraft:cooked_chicken":1,"minecraft:furnace":4,"minecraft:stone_axe":1,"minecraft:air":0,"minecraft:iron_chestplate":1,"minecraft:iron_axe":1,"minecraft:stick":10,"minecraft:iron_ingot":22,"minecraft:iron_pickaxe":1,"minecraft:stone_pickaxe":1,"minecraft:white_bed":2,"minecraft:acacia_planks":24,"minecraft:torch":4},"minecraft:killed":{"minecraft:pig":6,"minecraft:sheep":8,"minecraft:pillager":1,"minecraft:zombie":1,"minecraft:chicken":4},"minecraft:used":{"minecraft:stone_pickaxe":103,"minecraft:baked_potato":5,"minecraft:wooden_pickaxe":11,"minecraft:torch":10,"minecraft:mossy_cobblestone":2,"minecraft:dirt":2,"minecraft:crafting_table":3,"minecraft:lime_bed":2,"minecraft:white_bed":2,"minecraft:iron_axe":14,"minecraft:iron_pickaxe":252,"minecraft:suspicious_stew":1,"minecraft:stone_axe":34,"minecraft:cobblestone":34,"minecraft:furnace":4,"minecraft:cooked_porkchop":8,"minecraft:coarse_dirt":2,"minecraft:acacia_planks":1},"minecraft:custom":{"minecraft:interact_with_furnace":21,"minecraft:mob_kills":20,"minecraft:interact_with_crafting_table":19,"minecraft:leave_game":2,"minecraft:time_since_death":12533,"minecraft:sleep_in_bed":5,"minecraft:time_since_rest":12563,"minecraft:sprint_one_cm":107598,"minecraft:damage_taken":2110,"minecraft:walk_one_cm":78451,"minecraft:drop":10,"minecraft:damage_dealt":2028,"minecraft:swim_one_cm":125142,"minecraft:fly_one_cm":88222,"minecraft:open_chest":1,"minecraft:crouch_one_cm":1020,"minecraft:play_time":130178,"minecraft:deaths":4,"minecraft:sneak_time":2292,"minecraft:walk_under_water_one_cm":21077,"minecraft:jump":911,"minecraft:walk_on_water_one_cm":37425,"minecraft:total_world_time":130178,"minecraft:fall_one_cm":23130},"minecraft:dropped":{"minecraft:baked_potato":4,"minecraft:cooked_porkchop":4,"minecraft:stone_pickaxe":1,"minecraft:iron_pickaxe":1},"minecraft:killed_by":{"mowziesmobs:naga":2,"minecraft:skeleton":1,"minecraft:pillager":1}},"DataVersion":3465}