{"stats":{"minecraft:mined":{"minecraft:lime_bed":2,"minecraft:coarse_dirt":2,"minecraft:iron_ore":7,"quark:black_corundum_cluster":8,"minecraft:crafting_table":1,"minecraft:grass":3,"minecraft:acacia_log":7,"minecraft:grass_block":1,"minecraft:oak_log":5,"minecraft:coal_ore":4,"minecraft:dirt":5,"minecraft:cobblestone":3,"minecraft:stone":62,"quark:black_corundum":12,"minecraft:diorite":1,"minecraft:oak_leaves":4,"minecraft:wall_torch":1},"minecraft:picked_up":{"minecraft:lime_bed":2,"minecraft:raw_iron":7,"minecraft:coarse_dirt":2,"minecraft:crafting_table":1,"minecraft:feather":2,"minecraft:chicken":4,"minecraft:torch":1,"minecraft:acacia_log":6,"quark:black_corundum_cluster":25,"minecraft:porkchop":12,"minecraft:oak_log":5,"minecraft:diorite":1,"minecraft:dirt":6,"minecraft:black_wool":2,"minecraft:mutton":10,"minecraft:coal":4,"quark:black_corundum":11,"minecraft:white_wool":6,"minecraft:cobblestone":64,"minecraft:egg":1},"minecraft:crafted":{"minecraft:cooked_porkchop":12,"minecraft:crafting_table":1,"minecraft:stick":10,"minecraft:wooden_pickaxe":1,"minecraft:stone_pickaxe":1,"minecraft:furnace":1,"minecraft:white_bed":2,"minecraft:acacia_planks":20,"minecraft:torch":4,"minecraft:stone_axe":1},"minecraft:killed":{"minecraft:sheep":8,"minecraft:pig":6,"minecraft:chicken":4},"minecraft:used":{"minecraft:stone_pickaxe":90,"minecraft:wooden_pickaxe":11,"minecraft:torch":2,"minecraft:stone_axe":34,"minecraft:dirt":1,"minecraft:cobblestone":24,"minecraft:lime_bed":2,"minecraft:crafting_table":2,"minecraft:cooked_porkchop":7,"minecraft:furnace":1,"minecraft:white_bed":2,"minecraft:coarse_dirt":2,"minecraft:acacia_planks":1},"minecraft:custom":{"minecraft:time_since_rest":576,"minecraft:damage_taken":1070,"minecraft:interact_with_furnace":3,"minecraft:sprint_one_cm":52138,"minecraft:walk_one_cm":40047,"minecraft:mob_kills":18,"minecraft:drop":4,"minecraft:damage_dealt":1385,"minecraft:swim_one_cm":95341,"minecraft:interact_with_crafting_table":8,"minecraft:fly_one_cm":61818,"minecraft:open_chest":1,"minecraft:crouch_one_cm":781,"minecraft:play_time":95909,"minecraft:deaths":1,"minecraft:sneak_time":1379,"minecraft:walk_under_water_one_cm":11991,"minecraft:jump":573,"minecraft:walk_on_water_one_cm":21944,"minecraft:leave_game":2,"minecraft:time_since_death":521,"minecraft:sleep_in_bed":4,"minecraft:total_world_time":95909,"minecraft:fall_one_cm":15405},"minecraft:dropped":{"minecraft:cooked_porkchop":4},"minecraft:killed_by":{"mowziesmobs:naga":1}},"DataVersion":3465}