{"stats":{"minecraft:mined":{"create:zinc_ore":5,"minecraft:blackstone":27,"minecraft:mossy_cobblestone":3,"minecraft:crafting_table":1,"minecraft:acacia_log":7,"minecraft:grass_block":2,"minecraft:mushroom_stem":1,"minecraft:cobblestone":9,"minecraft:moss_block":1,"minecraft:oak_planks":2,"minecraft:large_fern":1,"quark:black_corundum":12,"minecraft:diorite":1,"minecraft:rooted_dirt":1,"minecraft:wall_torch":6,"supplementaries:urn":5,"minecraft:raw_iron_block":6,"minecraft:magma_block":1,"minecraft:lime_bed":2,"minecraft:coarse_dirt":4,"minecraft:cobblestone_wall":1,"minecraft:iron_ore":26,"quark:black_corundum_cluster":8,"minecraft:grass":3,"minecraft:oak_log":5,"minecraft:coal_ore":13,"minecraft:dirt":11,"minecraft:smooth_basalt":1,"minecraft:stone":273,"create:veridium":11,"minecraft:oak_leaves":4},"minecraft:picked_up":{"minecraft:charcoal":2,"minecraft:magma_block":9,"minecraft:coarse_dirt":2,"minecraft:lime_bed":2,"minecraft:crafting_table":1,"minecraft:feather":2,"minecraft:chicken":4,"minecraft:golden_pickaxe":1,"minecraft:brown_mushroom":1,"quark:black_corundum_cluster":25,"create:raw_zinc":5,"minecraft:oak_log":5,"minecraft:chainmail_chestplate":1,"minecraft:cobblestone_wall":1,"minecraft:yellow_bed":1,"minecraft:shield":2,"minecraft:dirt":13,"minecraft:raw_copper":19,"minecraft:white_banner":1,"minecraft:bone":9,"minecraft:blackstone":49,"minecraft:bow":1,"minecraft:candle":4,"minecraft:raw_gold":20,"minecraft:stone_pickaxe":1,"minecraft:fletching_table":1,"minecraft:iron_pickaxe":1,"minecraft:moss_block":1,"minecraft:oak_planks":4,"minecraft:iron_sword":1,"minecraft:iron_boots":1,"quark:black_corundum":11,"minecraft:egg":1,"minecraft:smooth_basalt":1,"minecraft:raw_iron":26,"minecraft:raw_iron_block":14,"minecraft:torch":46,"minecraft:acacia_log":6,"minecraft:porkchop":12,"minecraft:diorite":1,"minecraft:trapped_chest":1,"minecraft:barrel":1,"minecraft:mossy_cobblestone":3,"minecraft:arrow":1,"minecraft:rotten_flesh":12,"create:veridium":11,"minecraft:rooted_dirt":1,"supplementaries:ash":4,"minecraft:black_wool":2,"minecraft:mutton":10,"minecraft:coal":13,"minecraft:white_wool":6,"minecraft:cobblestone":270},"minecraft:crafted":{"minecraft:cooked_porkchop":12,"minecraft:crafting_table":2,"minecraft:wooden_pickaxe":1,"minecraft:baked_potato":9,"minecraft:cooked_chicken":1,"minecraft:furnace":4,"minecraft:stone_axe":1,"minecraft:air":0,"minecraft:iron_boots":1,"minecraft:iron_chestplate":1,"minecraft:iron_axe":1,"minecraft:stick":10,"minecraft:iron_ingot":26,"minecraft:iron_pickaxe":1,"minecraft:stone_pickaxe":1,"minecraft:iron_leggings":1,"minecraft:white_bed":2,"minecraft:acacia_planks":24,"minecraft:torch":4},"minecraft:killed":{"minecraft:pig":6,"minecraft:slime":1,"minecraft:sheep":8,"minecraft:skeleton":2,"minecraft:pillager":1,"minecraft:zombie":4,"minecraft:chicken":4},"minecraft:used":{"minecraft:stone_pickaxe":124,"minecraft:baked_potato":5,"minecraft:shield":8,"minecraft:wooden_pickaxe":14,"minecraft:cooked_chicken":1,"minecraft:golden_apple":1,"minecraft:torch":14,"minecraft:mossy_cobblestone":2,"minecraft:dirt":3,"minecraft:mutton":3,"minecraft:crafting_table":3,"minecraft:lime_bed":2,"minecraft:raw_iron_block":10,"minecraft:white_bed":2,"minecraft:bread":1,"minecraft:iron_axe":37,"minecraft:iron_pickaxe":253,"minecraft:suspicious_stew":1,"minecraft:iron_boots":1,"minecraft:barrel":1,"minecraft:smooth_basalt":1,"minecraft:stone_axe":34,"minecraft:cobblestone":44,"minecraft:furnace":4,"minecraft:cooked_porkchop":8,"minecraft:yellow_bed":1,"minecraft:trapped_chest":1,"minecraft:coarse_dirt":2,"minecraft:acacia_planks":1,"minecraft:golden_pickaxe":19},"minecraft:custom":{"minecraft:interact_with_furnace":22,"minecraft:mob_kills":26,"minecraft:interact_with_crafting_table":21,"minecraft:open_barrel":1,"minecraft:leave_game":2,"minecraft:time_since_death":4131,"minecraft:sleep_in_bed":5,"minecraft:damage_absorbed":40,"minecraft:time_since_rest":4161,"minecraft:sprint_one_cm":162142,"minecraft:damage_taken":2759,"minecraft:walk_one_cm":119748,"minecraft:damage_blocked_by_shield":465,"minecraft:trigger_trapped_chest":1,"minecraft:drop":90,"minecraft:damage_dealt":2701,"minecraft:damage_dealt_absorbed":18,"minecraft:swim_one_cm":125142,"minecraft:fly_one_cm":115976,"minecraft:open_chest":1,"minecraft:crouch_one_cm":1894,"minecraft:play_time":154178,"minecraft:deaths":6,"minecraft:sneak_time":3235,"minecraft:walk_under_water_one_cm":21077,"minecraft:jump":1164,"minecraft:walk_on_water_one_cm":37425,"minecraft:total_world_time":154178,"minecraft:fall_one_cm":28190},"minecraft:broken":{"minecraft:iron_pickaxe":1},"minecraft:dropped":{"minecraft:iron_ingot":1,"minecraft:blackstone":1,"minecraft:brown_mushroom":1,"minecraft:baked_potato":4,"minecraft:cooked_porkchop":4,"minecraft:cobblestone":69,"minecraft:dirt":1,"minecraft:shield":1,"minecraft:diorite":1,"minecraft:torch":39,"minecraft:arrow":1,"minecraft:stone_pickaxe":1,"minecraft:iron_pickaxe":1,"minecraft:egg":1},"minecraft:killed_by":{"mowziesmobs:naga":2,"minecraft:skeleton":2,"minecraft:pillager":1}},"DataVersion":3465}