{"stats":{"minecraft:mined":{"minecraft:smooth_sandstone":3,"minecraft:crafting_table":1,"minecraft:grass":1,"minecraft:acacia_log":5,"minecraft:grass_block":2,"minecraft:coal_ore":13,"minecraft:sand":1,"minecraft:dirt":1,"minecraft:smooth_sandstone_stairs":1,"minecraft:stone":6,"minecraft:sugar_cane":7},"minecraft:picked_up":{"minecraft:crafting_table":1,"minecraft:clay_ball":4,"minecraft:torch":1,"minecraft:acacia_log":5,"minecraft:porkchop":2,"minecraft:sand":1,"minecraft:smooth_sandstone_stairs":1,"minecraft:dirt":24,"minecraft:smooth_sandstone":3,"minecraft:sugar_cane":22,"minecraft:coal":13,"minecraft:cobblestone":6},"minecraft:crafted":{"minecraft:crafting_table":1,"minecraft:stick":8,"minecraft:wooden_pickaxe":1,"minecraft:stone_pickaxe":1,"minecraft:acacia_planks":20,"minecraft:stone_axe":1},"minecraft:killed":{"minecraft:pig":1,"takesapillage:clay_golem":1,"minecraft:frog":1,"minecraft:enderman":1},"minecraft:used":{"minecraft:stone_pickaxe":17,"minecraft:wooden_pickaxe":7,"minecraft:stone_axe":13,"minecraft:torch":1,"minecraft:dirt":1,"minecraft:crafting_table":1},"minecraft:custom":{"minecraft:time_since_rest":12355,"minecraft:sprint_one_cm":22521,"minecraft:damage_taken":175,"minecraft:walk_one_cm":19419,"minecraft:mob_kills":4,"minecraft:damage_dealt":980,"minecraft:interact_with_crafting_table":3,"minecraft:fly_one_cm":27839,"minecraft:crouch_one_cm":2675,"minecraft:play_time":12355,"minecraft:sneak_time":1111,"minecraft:walk_under_water_one_cm":107,"minecraft:jump":197,"minecraft:time_since_death":12355,"minecraft:walk_on_water_one_cm":1627,"minecraft:total_world_time":12355,"minecraft:fall_one_cm":5096}},"DataVersion":3465}