{"stats":{"minecraft:mined":{"minecraft:crafting_table":1,"minecraft:smooth_sandstone":4,"minecraft:acacia_log":5,"minecraft:grass_block":3,"minecraft:sugar_cane":7,"minecraft:composter":1,"minecraft:smooth_sandstone_slab":1,"minecraft:hay_block":19,"minecraft:iron_ore":5,"minecraft:fletching_table":2,"minecraft:grass":2,"minecraft:coal_ore":13,"minecraft:dirt":1,"minecraft:gravel":4,"minecraft:sand":5,"minecraft:smooth_sandstone_stairs":1,"minecraft:stone":23},"minecraft:picked_up":{"minecraft:crafting_table":1,"minecraft:clay_ball":4,"minecraft:wooden_pickaxe":1,"minecraft:flint":2,"minecraft:smooth_sandstone_stairs":1,"minecraft:jungle_button":1,"minecraft:dirt":25,"minecraft:smooth_sandstone":4,"minecraft:fletching_table":2,"minecraft:sugar_cane":22,"minecraft:raw_iron":5,"minecraft:cooked_porkchop":4,"minecraft:composter":1,"minecraft:torch":1,"minecraft:acacia_log":5,"minecraft:gravel":2,"minecraft:porkchop":2,"minecraft:sand":5,"minecraft:smooth_sandstone_slab":2,"minecraft:rotten_flesh":2,"minecraft:hay_block":19,"minecraft:bone_meal":1,"minecraft:coal":13,"minecraft:cobblestone":23},"minecraft:crafted":{"minecraft:arrow":128,"minecraft:emerald":8,"minecraft:crafting_table":2,"minecraft:wooden_pickaxe":1,"minecraft:furnace":1,"minecraft:fletching_table":1,"minecraft:stone_axe":1,"minecraft:air":0,"minecraft:stick":8,"minecraft:iron_ingot":5,"minecraft:stone_pickaxe":1,"minecraft:acacia_planks":20,"minecraft:wheat":171},"minecraft:killed":{"minecraft:pig":1,"aquaculture:gar":1,"minecraft:frog":1,"minecraft:zombie":1,"takesapillage:clay_golem":1,"minecraft:enderman":1},"minecraft:used":{"minecraft:stone_pickaxe":43,"minecraft:wooden_pickaxe":7,"minecraft:fletching_table":3,"minecraft:smooth_sandstone_stairs":1,"minecraft:torch":1,"minecraft:dirt":3,"minecraft:sand":5,"minecraft:crafting_table":3,"minecraft:smooth_sandstone":4,"minecraft:gravel":2,"minecraft:stone_axe":19,"minecraft:furnace":1,"minecraft:cooked_porkchop":4},"minecraft:custom":{"minecraft:interact_with_furnace":4,"minecraft:mob_kills":6,"minecraft:traded_with_villager":16,"minecraft:interact_with_crafting_table":7,"minecraft:time_since_death":9964,"minecraft:sleep_in_bed":1,"minecraft:time_since_rest":10002,"minecraft:sprint_one_cm":43954,"minecraft:damage_taken":780,"minecraft:walk_one_cm":44151,"minecraft:drop":15,"minecraft:damage_dealt":1030,"minecraft:swim_one_cm":34329,"minecraft:talked_to_villager":9,"minecraft:fly_one_cm":59178,"minecraft:crouch_one_cm":6896,"minecraft:play_time":24355,"minecraft:deaths":1,"minecraft:sneak_time":2514,"minecraft:walk_under_water_one_cm":6096,"minecraft:jump":439,"minecraft:walk_on_water_one_cm":10519,"minecraft:total_world_time":24355,"minecraft:fall_one_cm":10933},"minecraft:killed_by":{"minecraft:skeleton":1},"minecraft:dropped":{"minecraft:composter":1,"minecraft:rotten_flesh":2,"minecraft:clay_ball":4,"minecraft:stick":2,"minecraft:jungle_button":1,"minecraft:bone_meal":1,"minecraft:smooth_sandstone_slab":2,"minecraft:wooden_pickaxe":2}},"DataVersion":3465}