{"stats":{"minecraft:mined":{"create:zinc_ore":12,"minecraft:deepslate_diamond_ore":1,"minecraft:granite":3,"minecraft:acacia_log":14,"minecraft:grass_block":4,"minecraft:composter":1,"minecraft:hay_block":19,"minecraft:furnace":4,"minecraft:iron_ore":51,"minecraft:fletching_table":2,"minecraft:deepslate_lapis_ore":4,"minecraft:deepslate_iron_ore":6,"minecraft:smooth_sandstone_stairs":1,"minecraft:stone":147,"quark:hollow_acacia_log":2,"minecraft:hanging_roots":1,"minecraft:blackstone":16,"minecraft:crafting_table":4,"minecraft:smooth_sandstone":4,"minecraft:torch":1,"minecraft:blast_furnace":2,"minecraft:cobblestone":4,"minecraft:deepslate_coal_ore":1,"minecraft:deepslate_gold_ore":4,"minecraft:sugar_cane":7,"minecraft:oak_planks":2,"minecraft:smooth_sandstone_slab":1,"supplementaries:urn":1,"minecraft:grass":6,"minecraft:coal_ore":43,"minecraft:dirt":15,"minecraft:gravel":4,"minecraft:sand":5,"minecraft:cobweb":4,"minecraft:smooth_basalt":2},"minecraft:picked_up":{"minecraft:crafting_table":4,"minecraft:coarse_dirt":2,"minecraft:iron_chestplate":1,"minecraft:clay_ball":4,"minecraft:wooden_pickaxe":1,"minecraft:string":4,"minecraft:moss_carpet":1,"minecraft:blackstone":15,"minecraft:smooth_stone":3,"minecraft:sugar_cane":22,"minecraft:furnace":4,"minecraft:raw_iron":57,"minecraft:composter":1,"minecraft:torch":9,"minecraft:acacia_log":14,"minecraft:porkchop":2,"minecraft:smooth_sandstone_slab":2,"minecraft:arrow":1,"minecraft:rotten_flesh":4,"minecraft:hay_block":19,"supplementaries:ash":4,"minecraft:cobblestone":147,"minecraft:magma_block":5,"minecraft:leather":3,"quark:hollow_acacia_log":2,"minecraft:flint":2,"minecraft:smooth_sandstone_stairs":1,"create:raw_zinc":12,"minecraft:jungle_button":1,"minecraft:lapis_lazuli":21,"minecraft:dirt":40,"minecraft:smooth_sandstone":4,"minecraft:bone":3,"minecraft:wheat_seeds":1,"minecraft:raw_gold":4,"minecraft:iron_ingot":1,"minecraft:fletching_table":2,"minecraft:iron_sword":1,"minecraft:oak_planks":1,"minecraft:smooth_basalt":2,"minecraft:cooked_porkchop":4,"minecraft:gravel":2,"minecraft:sand":5,"minecraft:blast_furnace":2,"minecraft:diamond":1,"minecraft:granite":3,"minecraft:bone_meal":1,"minecraft:emerald":1,"minecraft:baked_potato":4,"minecraft:coal":103},"minecraft:crafted":{"minecraft:cooked_chicken":3,"minecraft:furnace":1,"minecraft:blast_furnace":1,"minecraft:stone":3,"minecraft:bow":1,"minecraft:iron_boots":1,"minecraft:stone_pickaxe":1,"minecraft:wheat":171,"minecraft:arrow":128,"minecraft:emerald":8,"minecraft:cooked_porkchop":2,"minecraft:crafting_table":2,"minecraft:wooden_pickaxe":1,"minecraft:iron_sword":1,"minecraft:fletching_table":1,"minecraft:stone_axe":1,"minecraft:air":0,"minecraft:iron_chestplate":1,"minecraft:shield":3,"minecraft:stick":20,"minecraft:iron_ingot":37,"minecraft:iron_pickaxe":2,"minecraft:iron_leggings":1,"minecraft:acacia_planks":56,"minecraft:torch":16},"minecraft:killed":{"aquaculture:gar":1,"takesapillage:clay_golem":1,"naturalist:giraffe":1,"minecraft:pig":1,"minecraft:frog":1,"naturalist:rhino":1,"minecraft:pillager":2,"minecraft:zombie":2,"minecraft:enderman":1},"minecraft:custom":{"minecraft:mob_kills":11,"minecraft:interact_with_crafting_table":21,"minecraft:time_since_death":24802,"minecraft:climb_one_cm":152,"minecraft:sprint_one_cm":111774,"minecraft:walk_one_cm":143091,"minecraft:damage_blocked_by_shield":675,"minecraft:drop":26,"minecraft:talked_to_villager":9,"minecraft:play_time":71353,"minecraft:deaths":6,"minecraft:sneak_time":11111,"minecraft:walk_under_water_one_cm":23542,"minecraft:jump":1254,"minecraft:interact_with_blast_furnace":9,"minecraft:walk_on_water_one_cm":31361,"minecraft:total_world_time":71353,"minecraft:interact_with_furnace":26,"minecraft:traded_with_villager":16,"minecraft:sleep_in_bed":2,"minecraft:time_since_rest":24830,"minecraft:damage_taken":2550,"minecraft:trigger_trapped_chest":1,"minecraft:damage_dealt":3859,"minecraft:swim_one_cm":65673,"minecraft:fly_one_cm":126293,"minecraft:crouch_one_cm":33700,"minecraft:fall_one_cm":24958},"minecraft:used":{"minecraft:moss_carpet":1,"minecraft:shield":15,"minecraft:iron_sword":35,"minecraft:smooth_sandstone_stairs":1,"minecraft:cooked_chicken":3,"minecraft:iron_chestplate":1,"minecraft:torch":4,"minecraft:dirt":20,"minecraft:smooth_sandstone":4,"minecraft:iron_boots":1,"minecraft:bow":13,"minecraft:furnace":2,"minecraft:acacia_planks":1,"minecraft:iron_leggings":1,"minecraft:stone_pickaxe":43,"minecraft:baked_potato":4,"minecraft:oak_planks":1,"minecraft:blackstone":5,"minecraft:wooden_pickaxe":7,"minecraft:fletching_table":3,"minecraft:sand":5,"minecraft:crafting_table":6,"quark:hollow_acacia_log":2,"minecraft:blast_furnace":1,"minecraft:iron_pickaxe":265,"minecraft:gravel":2,"minecraft:stone_axe":42,"minecraft:cobblestone":19,"minecraft:cooked_porkchop":6,"minecraft:coarse_dirt":2},"minecraft:killed_by":{"minecraft:pillager":3,"minecraft:skeleton":1,"minecraft:zombie":1,"naturalist:elephant":1},"minecraft:dropped":{"minecraft:iron_sword":1,"minecraft:wheat_seeds":1,"minecraft:leather":1,"minecraft:stick":2,"minecraft:jungle_button":1,"minecraft:bone_meal":1,"minecraft:smooth_sandstone_slab":2,"minecraft:string":1,"minecraft:blackstone":4,"minecraft:composter":1,"minecraft:rotten_flesh":4,"minecraft:clay_ball":4,"minecraft:shield":1,"minecraft:wooden_pickaxe":2}},"DataVersion":3465}