{"stats":{"minecraft:mined":{"quark:hollow_acacia_log":2,"minecraft:smooth_sandstone":4,"minecraft:crafting_table":3,"minecraft:acacia_log":14,"minecraft:grass_block":4,"minecraft:cobblestone":1,"minecraft:composter":1,"minecraft:sugar_cane":7,"minecraft:smooth_sandstone_slab":1,"minecraft:hay_block":19,"minecraft:furnace":2,"minecraft:iron_ore":25,"minecraft:fletching_table":2,"minecraft:grass":6,"minecraft:coal_ore":18,"minecraft:gravel":4,"minecraft:sand":5,"minecraft:dirt":9,"minecraft:cobweb":3,"minecraft:smooth_sandstone_stairs":1,"minecraft:stone":56},"minecraft:picked_up":{"minecraft:crafting_table":3,"minecraft:clay_ball":4,"minecraft:leather":3,"minecraft:wooden_pickaxe":1,"quark:hollow_acacia_log":2,"minecraft:flint":2,"minecraft:smooth_sandstone_stairs":1,"minecraft:jungle_button":1,"minecraft:string":3,"minecraft:dirt":34,"minecraft:moss_carpet":1,"minecraft:smooth_sandstone":4,"minecraft:wheat_seeds":1,"minecraft:fletching_table":2,"minecraft:sugar_cane":22,"minecraft:furnace":2,"minecraft:raw_iron":25,"minecraft:cooked_porkchop":4,"minecraft:composter":1,"minecraft:torch":1,"minecraft:acacia_log":14,"minecraft:gravel":2,"minecraft:porkchop":2,"minecraft:sand":5,"minecraft:smooth_sandstone_slab":2,"minecraft:rotten_flesh":2,"minecraft:hay_block":19,"minecraft:bone_meal":1,"minecraft:coal":43,"minecraft:cobblestone":57},"minecraft:crafted":{"minecraft:arrow":128,"minecraft:emerald":8,"minecraft:cooked_porkchop":2,"minecraft:crafting_table":2,"minecraft:wooden_pickaxe":1,"minecraft:iron_sword":1,"minecraft:furnace":1,"minecraft:fletching_table":1,"minecraft:stone_axe":1,"minecraft:air":0,"minecraft:bow":1,"minecraft:stick":16,"minecraft:iron_ingot":10,"minecraft:iron_pickaxe":1,"minecraft:stone_pickaxe":1,"minecraft:acacia_planks":24,"minecraft:wheat":171},"minecraft:killed":{"minecraft:pig":1,"aquaculture:gar":1,"minecraft:frog":1,"naturalist:rhino":1,"minecraft:pillager":1,"minecraft:zombie":1,"takesapillage:clay_golem":1,"naturalist:giraffe":1,"minecraft:enderman":1},"minecraft:used":{"minecraft:moss_carpet":1,"minecraft:stone_pickaxe":43,"minecraft:wooden_pickaxe":7,"minecraft:iron_sword":19,"minecraft:fletching_table":3,"minecraft:smooth_sandstone_stairs":1,"minecraft:torch":1,"minecraft:dirt":10,"minecraft:sand":5,"minecraft:crafting_table":4,"quark:hollow_acacia_log":2,"minecraft:iron_pickaxe":63,"minecraft:smooth_sandstone":4,"minecraft:gravel":2,"minecraft:stone_axe":39,"minecraft:bow":13,"minecraft:furnace":2,"minecraft:cooked_porkchop":6},"minecraft:custom":{"minecraft:interact_with_furnace":13,"minecraft:mob_kills":9,"minecraft:traded_with_villager":16,"minecraft:interact_with_crafting_table":10,"minecraft:time_since_death":802,"minecraft:sleep_in_bed":2,"minecraft:time_since_rest":830,"minecraft:sprint_one_cm":85894,"minecraft:damage_taken":2220,"minecraft:walk_one_cm":100640,"minecraft:drop":17,"minecraft:damage_dealt":2864,"minecraft:swim_one_cm":65673,"minecraft:talked_to_villager":9,"minecraft:fly_one_cm":116909,"minecraft:crouch_one_cm":17042,"minecraft:play_time":47353,"minecraft:deaths":6,"minecraft:sneak_time":5533,"minecraft:walk_under_water_one_cm":14062,"minecraft:jump":1005,"minecraft:walk_on_water_one_cm":28522,"minecraft:total_world_time":47353,"minecraft:fall_one_cm":17475},"minecraft:killed_by":{"minecraft:skeleton":1,"minecraft:zombie":1,"minecraft:pillager":3,"naturalist:elephant":1},"minecraft:dropped":{"minecraft:wheat_seeds":1,"minecraft:composter":1,"minecraft:rotten_flesh":2,"minecraft:clay_ball":4,"minecraft:leather":1,"minecraft:stick":2,"minecraft:jungle_button":1,"minecraft:bone_meal":1,"minecraft:smooth_sandstone_slab":2,"minecraft:wooden_pickaxe":2}},"DataVersion":3465}