{"stats":{"minecraft:mined":{"create:zinc_ore":12,"minecraft:deepslate_diamond_ore":1,"minecraft:granite":3,"minecraft:acacia_log":14,"minecraft:grass_block":4,"minecraft:composter":1,"minecraft:hay_block":19,"minecraft:furnace":4,"minecraft:iron_ore":56,"minecraft:fletching_table":2,"minecraft:deepslate_lapis_ore":4,"create:asurine":1,"minecraft:deepslate_iron_ore":12,"minecraft:smooth_sandstone_stairs":1,"minecraft:stone":274,"quark:hollow_acacia_log":2,"minecraft:hanging_roots":1,"minecraft:blackstone":16,"minecraft:crafting_table":5,"minecraft:smooth_sandstone":4,"minecraft:torch":1,"minecraft:blast_furnace":2,"minecraft:cobblestone":4,"minecraft:deepslate_coal_ore":1,"minecraft:lapis_ore":4,"minecraft:deepslate_gold_ore":4,"minecraft:sugar_cane":7,"minecraft:oak_planks":2,"minecraft:wall_torch":4,"minecraft:smooth_sandstone_slab":1,"supplementaries:urn":4,"minecraft:grass":6,"minecraft:coal_ore":51,"minecraft:dirt":15,"minecraft:gravel":4,"minecraft:sand":5,"minecraft:cobweb":4,"minecraft:smooth_basalt":2,"minecraft:deepslate":47},"minecraft:picked_up":{"minecraft:crafting_table":5,"minecraft:coarse_dirt":2,"minecraft:iron_chestplate":1,"minecraft:clay_ball":4,"minecraft:wooden_pickaxe":1,"minecraft:string":4,"minecraft:moss_carpet":1,"minecraft:blackstone":15,"minecraft:cobbled_deepslate":47,"minecraft:smooth_stone":3,"minecraft:sugar_cane":22,"minecraft:furnace":4,"minecraft:raw_iron":68,"minecraft:composter":1,"minecraft:torch":13,"minecraft:acacia_log":14,"minecraft:porkchop":2,"minecraft:smooth_sandstone_slab":2,"minecraft:arrow":3,"minecraft:rotten_flesh":8,"minecraft:hay_block":19,"supplementaries:ash":6,"minecraft:cobblestone":273,"minecraft:magma_block":5,"minecraft:leather_chestplate":1,"minecraft:leather":3,"quark:hollow_acacia_log":2,"minecraft:flint":2,"minecraft:smooth_sandstone_stairs":1,"create:raw_zinc":12,"supplementaries:flax_seeds":1,"minecraft:jungle_button":1,"minecraft:lapis_lazuli":52,"minecraft:dirt":40,"minecraft:smooth_sandstone":4,"minecraft:bone":11,"minecraft:wheat_seeds":1,"minecraft:raw_gold":4,"minecraft:iron_ingot":1,"minecraft:fletching_table":2,"minecraft:iron_sword":1,"minecraft:oak_planks":1,"minecraft:smooth_basalt":2,"minecraft:cooked_porkchop":4,"minecraft:gravel":2,"minecraft:sand":5,"minecraft:blast_furnace":2,"minecraft:leather_helmet":1,"minecraft:diamond":1,"minecraft:granite":3,"minecraft:bone_meal":1,"minecraft:emerald":1,"minecraft:baked_potato":4,"minecraft:coal":111},"minecraft:crafted":{"minecraft:cooked_chicken":3,"minecraft:furnace":1,"minecraft:blast_furnace":1,"minecraft:stone":3,"minecraft:bow":1,"minecraft:iron_boots":1,"minecraft:stone_pickaxe":1,"minecraft:wheat":171,"minecraft:arrow":128,"minecraft:emerald":8,"minecraft:cooked_porkchop":2,"minecraft:crafting_table":3,"minecraft:wooden_pickaxe":1,"minecraft:iron_helmet":1,"minecraft:iron_sword":1,"minecraft:fletching_table":1,"minecraft:stone_axe":1,"minecraft:bread":3,"minecraft:air":0,"minecraft:iron_chestplate":1,"minecraft:shield":3,"minecraft:stick":20,"minecraft:iron_ingot":43,"minecraft:iron_pickaxe":2,"minecraft:iron_leggings":1,"minecraft:acacia_planks":56,"minecraft:torch":16},"minecraft:killed":{"aquaculture:gar":1,"minecraft:skeleton":2,"takesapillage:clay_golem":1,"naturalist:giraffe":1,"minecraft:pig":1,"minecraft:frog":1,"naturalist:rhino":1,"minecraft:pillager":2,"minecraft:zombie":4,"minecraft:enderman":1},"minecraft:custom":{"minecraft:mob_kills":15,"minecraft:interact_with_crafting_table":23,"minecraft:open_barrel":1,"minecraft:leave_game":1,"minecraft:time_since_death":1107,"minecraft:climb_one_cm":152,"minecraft:sprint_one_cm":143823,"minecraft:walk_one_cm":186058,"minecraft:damage_blocked_by_shield":960,"minecraft:drop":44,"minecraft:talked_to_villager":9,"minecraft:play_time":86670,"minecraft:deaths":8,"minecraft:sneak_time":14210,"minecraft:walk_under_water_one_cm":23542,"minecraft:jump":1466,"minecraft:interact_with_blast_furnace":12,"minecraft:walk_on_water_one_cm":31361,"minecraft:total_world_time":86670,"minecraft:interact_with_furnace":26,"minecraft:traded_with_villager":16,"minecraft:sleep_in_bed":2,"minecraft:time_since_rest":1149,"minecraft:damage_taken":3151,"minecraft:trigger_trapped_chest":3,"minecraft:damage_dealt":4380,"minecraft:swim_one_cm":65673,"minecraft:fly_one_cm":136777,"minecraft:crouch_one_cm":42608,"minecraft:fall_one_cm":29681},"minecraft:used":{"minecraft:moss_carpet":1,"minecraft:shield":19,"minecraft:iron_sword":45,"minecraft:smooth_sandstone_stairs":1,"minecraft:cooked_chicken":3,"minecraft:rotten_flesh":2,"minecraft:iron_chestplate":1,"minecraft:torch":8,"minecraft:dirt":20,"minecraft:smooth_sandstone":4,"minecraft:iron_helmet":1,"minecraft:iron_boots":1,"minecraft:bow":13,"minecraft:furnace":2,"minecraft:acacia_planks":1,"minecraft:iron_leggings":1,"minecraft:stone_pickaxe":43,"minecraft:baked_potato":4,"minecraft:oak_planks":1,"minecraft:blackstone":5,"minecraft:wooden_pickaxe":7,"minecraft:fletching_table":3,"minecraft:sand":5,"minecraft:crafting_table":8,"quark:hollow_acacia_log":2,"minecraft:blast_furnace":2,"minecraft:bread":3,"minecraft:iron_pickaxe":470,"minecraft:gravel":2,"minecraft:stone_axe":43,"minecraft:cobblestone":25,"minecraft:cooked_porkchop":6,"minecraft:coarse_dirt":2},"minecraft:broken":{"minecraft:iron_pickaxe":1},"minecraft:killed_by":{"minecraft:pillager":3,"minecraft:skeleton":1,"minecraft:zombie":2,"naturalist:elephant":1},"minecraft:dropped":{"minecraft:iron_sword":1,"minecraft:wheat_seeds":1,"minecraft:leather":1,"minecraft:leather_helmet":1,"minecraft:stick":2,"minecraft:jungle_button":1,"minecraft:bone_meal":1,"minecraft:smooth_sandstone_slab":2,"minecraft:string":1,"minecraft:smooth_basalt":2,"minecraft:blackstone":10,"minecraft:wheat":2,"minecraft:composter":1,"minecraft:rotten_flesh":6,"minecraft:clay_ball":4,"supplementaries:flax_seeds":1,"minecraft:shield":1,"minecraft:wooden_pickaxe":2,"minecraft:magma_block":5}},"DataVersion":3465}