{"stats":{"minecraft:mined":{"create:zinc_ore":12,"quark:hollow_acacia_log":2,"minecraft:hanging_roots":1,"minecraft:blackstone":8,"minecraft:smooth_sandstone":4,"minecraft:crafting_table":4,"minecraft:granite":3,"minecraft:acacia_log":14,"minecraft:grass_block":4,"minecraft:cobblestone":4,"minecraft:oak_planks":2,"minecraft:composter":1,"minecraft:sugar_cane":7,"minecraft:smooth_sandstone_slab":1,"minecraft:hay_block":19,"minecraft:furnace":2,"minecraft:iron_ore":51,"minecraft:fletching_table":2,"minecraft:grass":6,"minecraft:coal_ore":21,"minecraft:gravel":4,"minecraft:sand":5,"minecraft:dirt":15,"minecraft:cobweb":4,"minecraft:smooth_sandstone_stairs":1,"minecraft:stone":147},"minecraft:picked_up":{"minecraft:coarse_dirt":2,"minecraft:crafting_table":4,"minecraft:clay_ball":4,"minecraft:leather":3,"minecraft:wooden_pickaxe":1,"quark:hollow_acacia_log":2,"minecraft:flint":2,"create:raw_zinc":12,"minecraft:smooth_sandstone_stairs":1,"minecraft:jungle_button":1,"minecraft:string":4,"minecraft:dirt":40,"minecraft:moss_carpet":1,"minecraft:smooth_sandstone":4,"minecraft:bone":3,"minecraft:blackstone":9,"minecraft:wheat_seeds":1,"minecraft:fletching_table":2,"minecraft:oak_planks":1,"minecraft:sugar_cane":22,"minecraft:iron_sword":1,"minecraft:furnace":2,"minecraft:raw_iron":51,"minecraft:cooked_porkchop":4,"minecraft:composter":1,"minecraft:torch":7,"minecraft:acacia_log":14,"minecraft:gravel":2,"minecraft:porkchop":2,"minecraft:sand":5,"minecraft:smooth_sandstone_slab":2,"minecraft:rotten_flesh":4,"minecraft:hay_block":19,"minecraft:granite":3,"minecraft:bone_meal":1,"minecraft:emerald":1,"minecraft:baked_potato":4,"minecraft:coal":46,"minecraft:cobblestone":142},"minecraft:crafted":{"minecraft:arrow":128,"minecraft:emerald":8,"minecraft:cooked_porkchop":2,"minecraft:crafting_table":2,"minecraft:wooden_pickaxe":1,"minecraft:iron_sword":1,"minecraft:furnace":1,"minecraft:fletching_table":1,"minecraft:stone_axe":1,"minecraft:air":0,"minecraft:bow":1,"minecraft:shield":2,"minecraft:stick":20,"minecraft:iron_ingot":10,"minecraft:iron_pickaxe":2,"minecraft:stone_pickaxe":1,"minecraft:acacia_planks":56,"minecraft:torch":16,"minecraft:wheat":171},"minecraft:killed":{"minecraft:pig":1,"aquaculture:gar":1,"minecraft:frog":1,"naturalist:rhino":1,"minecraft:pillager":2,"minecraft:zombie":2,"takesapillage:clay_golem":1,"naturalist:giraffe":1,"minecraft:enderman":1},"minecraft:used":{"minecraft:moss_carpet":1,"minecraft:stone_pickaxe":43,"minecraft:baked_potato":4,"minecraft:oak_planks":1,"minecraft:blackstone":5,"minecraft:shield":15,"minecraft:wooden_pickaxe":7,"minecraft:iron_sword":35,"minecraft:fletching_table":3,"minecraft:smooth_sandstone_stairs":1,"minecraft:torch":1,"minecraft:dirt":20,"minecraft:sand":5,"minecraft:crafting_table":6,"quark:hollow_acacia_log":2,"minecraft:iron_pickaxe":212,"minecraft:smooth_sandstone":4,"minecraft:gravel":2,"minecraft:stone_axe":42,"minecraft:cobblestone":14,"minecraft:bow":13,"minecraft:furnace":2,"minecraft:cooked_porkchop":6,"minecraft:coarse_dirt":2,"minecraft:acacia_planks":1},"minecraft:custom":{"minecraft:interact_with_furnace":14,"minecraft:mob_kills":11,"minecraft:traded_with_villager":16,"minecraft:interact_with_crafting_table":15,"minecraft:time_since_death":12802,"minecraft:sleep_in_bed":2,"minecraft:climb_one_cm":152,"minecraft:time_since_rest":12830,"minecraft:sprint_one_cm":95277,"minecraft:damage_taken":2540,"minecraft:walk_one_cm":121679,"minecraft:damage_blocked_by_shield":675,"minecraft:drop":18,"minecraft:damage_dealt":3854,"minecraft:swim_one_cm":65673,"minecraft:talked_to_villager":9,"minecraft:fly_one_cm":120727,"minecraft:crouch_one_cm":27672,"minecraft:play_time":59353,"minecraft:deaths":6,"minecraft:sneak_time":9200,"minecraft:walk_under_water_one_cm":23542,"minecraft:jump":1152,"minecraft:walk_on_water_one_cm":31361,"minecraft:total_world_time":59353,"minecraft:fall_one_cm":22990},"minecraft:killed_by":{"minecraft:skeleton":1,"minecraft:zombie":1,"minecraft:pillager":3,"naturalist:elephant":1},"minecraft:dropped":{"minecraft:iron_sword":1,"minecraft:wheat_seeds":1,"minecraft:composter":1,"minecraft:rotten_flesh":2,"minecraft:clay_ball":4,"minecraft:leather":1,"minecraft:stick":2,"minecraft:jungle_button":1,"minecraft:bone_meal":1,"minecraft:smooth_sandstone_slab":2,"minecraft:wooden_pickaxe":2}},"DataVersion":3465}