{
  "idas:idas_root": {
    "criteria": {
      "always": "2024-07-05 08:04:05 +0000"
    },
    "done": true
  },
  "takesapillage:root": {
    "criteria": {
      "always": "2024-07-05 08:04:05 +0000"
    },
    "done": true
  },
  "minecraft:adventure/adventuring_time": {
    "criteria": {
      "minecraft:beach": "2024-07-06 06:22:55 +0000",
      "minecraft:lukewarm_ocean": "2024-07-06 06:19:24 +0000",
      "minecraft:stony_shore": "2024-07-06 06:22:24 +0000",
      "minecraft:desert": "2024-07-06 06:13:40 +0000",
      "minecraft:windswept_savanna": "2024-07-05 08:04:06 +0000",
      "minecraft:deep_lukewarm_ocean": "2024-07-06 06:20:12 +0000",
      "minecraft:savanna": "2024-07-06 06:19:20 +0000",
      "minecraft:plains": "2024-07-06 06:17:44 +0000"
    },
    "done": false
  },
  "create:root": {
    "criteria": {
      "0": "2024-07-05 08:08:25 +0000"
    },
    "done": true
  },
  "minecraft:story/root": {
    "criteria": {
      "crafting_table": "2024-07-05 08:09:31 +0000"
    },
    "done": true
  },
  "minecraft:story/mine_stone": {
    "criteria": {
      "get_stone": "2024-07-05 08:11:23 +0000"
    },
    "done": true
  },
  "minecraft:story/upgrade_tools": {
    "criteria": {
      "stone_pickaxe": "2024-07-05 08:11:50 +0000"
    },
    "done": true
  },
  "minecraft:adventure/root": {
    "criteria": {
      "killed_something": "2024-07-05 08:12:33 +0000"
    },
    "done": true
  },
  "minecraft:adventure/sleep_in_bed": {
    "criteria": {
      "slept_in_bed": "2024-07-05 08:15:34 +0000"
    },
    "done": true
  },
  "betterdeserttemples:root": {
    "criteria": {
      "always": "2024-07-06 04:50:28 +0000"
    },
    "done": true
  },
  "mowziesmobs:root": {
    "criteria": {
      "custom_test_name": "2024-07-06 04:50:28 +0000"
    },
    "done": true
  },
  "betterdungeons:root": {
    "criteria": {
      "always": "2024-07-06 04:50:28 +0000"
    },
    "done": true
  },
  "dungeons_arise:wda_root": {
    "criteria": {
      "WDA": "2024-07-06 04:50:28 +0000"
    },
    "done": true
  },
  "minecraft:husbandry/balanced_diet": {
    "criteria": {
      "cooked_porkchop": "2024-07-06 06:10:24 +0000",
      "baked_potato": "2024-07-06 06:57:42 +0000",
      "mutton": "2024-07-06 07:14:58 +0000",
      "bread": "2024-07-06 07:15:15 +0000",
      "golden_apple": "2024-07-06 07:15:10 +0000",
      "suspicious_stew": "2024-07-06 06:32:42 +0000",
      "cooked_chicken": "2024-07-06 07:08:10 +0000"
    },
    "done": false
  },
  "minecraft:husbandry/root": {
    "criteria": {
      "consumed_item": "2024-07-06 06:10:24 +0000"
    },
    "done": true
  },
  "biomesoplenty:biomesoplenty/all_biomes": {
    "criteria": {
      "scrubland": "2024-07-06 06:23:10 +0000"
    },
    "done": false
  },
  "biomesoplenty:biomesoplenty/root": {
    "criteria": {
      "scrubland": "2024-07-06 06:23:10 +0000"
    },
    "done": true
  },
  "quark:get_all_corundum": {
    "criteria": {
      "black": "2024-07-06 06:23:56 +0000"
    },
    "done": false
  },
  "minecraft:story/smelt_iron": {
    "criteria": {
      "iron": "2024-07-06 06:31:39 +0000"
    },
    "done": true
  },
  "minecraft:story/iron_tools": {
    "criteria": {
      "iron_pickaxe": "2024-07-06 06:32:14 +0000"
    },
    "done": true
  },
  "supplementaries:husbandry/sus_stew": {
    "criteria": {
      "stew": "2024-07-06 06:32:42 +0000"
    },
    "done": true
  },
  "minecraft:story/obtain_armor": {
    "criteria": {
      "iron_chestplate": "2024-07-06 07:04:16 +0000"
    },
    "done": true
  },
  "minecraft:adventure/kill_all_mobs": {
    "criteria": {
      "minecraft:pillager": "2024-07-06 06:53:35 +0000",
      "minecraft:skeleton": "2024-07-06 07:11:27 +0000",
      "minecraft:slime": "2024-07-06 07:14:46 +0000",
      "minecraft:zombie": "2024-07-06 07:01:53 +0000"
    },
    "done": false
  },
  "minecraft:adventure/voluntary_exile": {
    "criteria": {
      "voluntary_exile": "2024-07-06 06:53:35 +0000"
    },
    "done": true
  },
  "minecraft:story/deflect_arrow": {
    "criteria": {
      "deflected_projectile": "2024-07-06 07:11:21 +0000"
    },
    "done": true
  },
  "minecraft:adventure/kill_a_mob": {
    "criteria": {
      "minecraft:pillager": "2024-07-06 06:53:35 +0000"
    },
    "done": true
  },
  "DataVersion": 3465
}